{
  "metadata": {
    "version": "1.0",
    "num_drugs": 50,
    "feature_dim": 64,
    "sources": "Approximated from DrugBank, FDA labels, clinical pharmacology references",
    "feature_layout": {
      "0-9": "CYP metabolism profile (1A2, 2B6, 2C8, 2C9, 2C19, 2D6, 3A4, combined_strength, overall_burden, reserved)",
      "10-19": "Receptor binding (5-HT, D2, GABA-A, Mu-opioid, Alpha-1, Beta-1, H1, M1, NMDA, Na-channel)",
      "20-29": "PK params (half-life, protein_binding, Vd, bioavailability, renal_elim, hepatic_elim, active_metab, prodrug, NTI, food_effect)",
      "30-39": "Drug class (SSRI, opioid, anticoagulant, antihypertensive, antidiabetic, antiarrhythmic, antibiotic, antifungal, PPI/GI, statin)",
      "40-49": "Risk flags (serotonergic, QT_prolongation, bleeding, CNS_depression, nephrotoxicity, hepatotoxicity, hypotension, hyperkalemia, seizure, immunosuppression)",
      "50-59": "Transporters (P-gp_sub, P-gp_inh, OATP1B1_sub, OATP1B3_sub, OCT2_sub, OAT1_sub, OAT3_sub, BCRP_sub, MRP2_sub, transporter_inh_strength)",
      "60-63": "Physical (MW_norm, logP_norm, charge_pH7.4, solubility)"
    }
  },
  "drugs": {
    "fluoxetine": {
      "id": 0,
      "name": "fluoxetine",
      "class": "SSRI",
      "features": [
        0.0, 0.0, 0.0, 0.3, 0.3, 1.0, 0.3, 0.8, 0.7, 0.0,
        0.9, 0.0, 0.0, 0.0, 0.1, 0.0, 0.1, 0.1, 0.0, 0.0,
        1.0, 0.94, 0.8, 0.72, 0.1, 0.9, 1.0, 0.0, 0.0, 0.3,
        1.0, 0.0, 0.0, 0.0, 0.0, 0.0, 0.0, 0.0, 0.0, 0.0,
        0.9, 0.1, 0.2, 0.1, 0.0, 0.1, 0.0, 0.0, 0.2, 0.0,
        0.7, 0.3, 0.0, 0.0, 0.0, 0.0, 0.0, 0.0, 0.0, 0.2,
        0.31, 0.5, 1.0, 0.5
      ]
    },
    "sertraline": {
      "id": 1,
      "name": "sertraline",
      "class": "SSRI",
      "features": [
        0.0, 0.0, 0.0, 0.0, 0.3, 0.7, 0.3, 0.5, 0.5, 0.0,
        0.85, 0.05, 0.0, 0.0, 0.1, 0.0, 0.05, 0.05, 0.0, 0.0,
        0.8, 0.98, 0.8, 0.44, 0.05, 0.95, 1.0, 0.0, 0.0, 0.3,
        1.0, 0.0, 0.0, 0.0, 0.0, 0.0, 0.0, 0.0, 0.0, 0.0,
        0.85, 0.1, 0.15, 0.1, 0.0, 0.05, 0.0, 0.0, 0.1, 0.0,
        0.7, 0.2, 0.0, 0.0, 0.0, 0.0, 0.0, 0.0, 0.0, 0.15,
        0.31, 0.63, 1.0, 0.3
      ]
    },
    "paroxetine": {
      "id": 2,
      "name": "paroxetine",
      "class": "SSRI",
      "features": [
        0.0, 0.0, 0.0, 0.0, 0.0, 1.0, 0.3, 0.8, 0.7, 0.0,
        0.9, 0.0, 0.0, 0.0, 0.1, 0.0, 0.15, 0.2, 0.0, 0.0,
        0.5, 0.95, 0.7, 0.5, 0.05, 0.95, 0.0, 0.0, 0.0, 0.5,
        1.0, 0.0, 0.0, 0.0, 0.0, 0.0, 0.0, 0.0, 0.0, 0.0,
        0.9, 0.1, 0.15, 0.15, 0.0, 0.1, 0.05, 0.0, 0.2, 0.0,
        0.7, 0.4, 0.0, 0.0, 0.0, 0.0, 0.0, 0.0, 0.0, 0.3,
        0.33, 0.5, 1.0, 0.3
      ]
    },
    "citalopram": {
      "id": 3,
      "name": "citalopram",
      "class": "SSRI",
      "features": [
        0.0, 0.0, 0.0, 0.0, 0.3, 0.3, 0.3, 0.3, 0.3, 0.0,
        0.85, 0.0, 0.0, 0.0, 0.05, 0.0, 0.1, 0.05, 0.0, 0.0,
        0.8, 0.8, 0.6, 0.8, 0.15, 0.85, 1.0, 0.0, 0.0, 0.3,
        1.0, 0.0, 0.0, 0.0, 0.0, 0.0, 0.0, 0.0, 0.0, 0.0,
        0.85, 0.3, 0.1, 0.1, 0.0, 0.05, 0.0, 0.0, 0.1, 0.0,
        0.7, 0.2, 0.0, 0.0, 0.0, 0.0, 0.0, 0.0, 0.0, 0.1,
        0.32, 0.45, 1.0, 0.5
      ]
    },
    "tramadol": {
      "id": 4,
      "name": "tramadol",
      "class": "opioid",
      "features": [
        0.0, 0.3, 0.0, 0.0, 0.0, 0.3, 0.3, 0.3, 0.3, 0.0,
        0.5, 0.0, 0.0, 0.5, 0.0, 0.0, 0.0, 0.0, 0.0, 0.1,
        0.5, 0.2, 0.6, 0.75, 0.3, 0.7, 1.0, 0.0, 0.0, 0.0,
        0.2, 0.8, 0.0, 0.0, 0.0, 0.0, 0.0, 0.0, 0.0, 0.0,
        0.6, 0.1, 0.0, 0.4, 0.0, 0.05, 0.0, 0.0, 0.6, 0.0,
        0.3, 0.0, 0.0, 0.0, 0.0, 0.0, 0.0, 0.0, 0.0, 0.0,
        0.26, 0.38, 1.0, 0.8
      ]
    },
    "codeine": {
      "id": 5,
      "name": "codeine",
      "class": "opioid",
      "features": [
        0.0, 0.0, 0.0, 0.0, 0.0, 0.3, 0.3, 0.2, 0.2, 0.0,
        0.1, 0.0, 0.0, 0.6, 0.0, 0.0, 0.05, 0.0, 0.0, 0.0,
        0.5, 0.07, 0.5, 0.5, 0.15, 0.85, 1.0, 1.0, 0.0, 0.0,
        0.0, 1.0, 0.0, 0.0, 0.0, 0.0, 0.0, 0.0, 0.0, 0.0,
        0.1, 0.0, 0.0, 0.5, 0.0, 0.05, 0.0, 0.0, 0.2, 0.0,
        0.3, 0.0, 0.0, 0.0, 0.0, 0.0, 0.0, 0.0, 0.0, 0.0,
        0.3, 0.38, 1.0, 0.8
      ]
    },
    "fentanyl": {
      "id": 6,
      "name": "fentanyl",
      "class": "opioid",
      "features": [
        0.0, 0.0, 0.0, 0.0, 0.0, 0.0, 0.3, 0.2, 0.2, 0.0,
        0.15, 0.0, 0.0, 1.0, 0.0, 0.0, 0.0, 0.0, 0.0, 0.0,
        0.5, 0.85, 0.8, 0.92, 0.08, 0.92, 1.0, 0.0, 1.0, 0.5,
        0.0, 1.0, 0.0, 0.0, 0.0, 0.0, 0.0, 0.0, 0.0, 0.0,
        0.15, 0.15, 0.0, 0.8, 0.0, 0.0, 0.1, 0.0, 0.1, 0.0,
        0.8, 0.0, 0.0, 0.0, 0.0, 0.0, 0.0, 0.0, 0.0, 0.0,
        0.34, 0.63, 1.0, 0.3
      ]
    },
    "morphine": {
      "id": 7,
      "name": "morphine",
      "class": "opioid",
      "features": [
        0.0, 0.0, 0.0, 0.0, 0.0, 0.0, 0.0, 0.05, 0.05, 0.0,
        0.1, 0.0, 0.0, 1.0, 0.0, 0.0, 0.1, 0.0, 0.0, 0.0,
        0.5, 0.35, 0.5, 0.25, 0.1, 0.9, 1.0, 0.0, 0.0, 0.5,
        0.0, 1.0, 0.0, 0.0, 0.0, 0.0, 0.0, 0.0, 0.0, 0.0,
        0.1, 0.05, 0.0, 0.9, 0.0, 0.0, 0.15, 0.0, 0.1, 0.0,
        0.6, 0.0, 0.0, 0.0, 0.0, 0.0, 0.0, 0.0, 0.3, 0.0,
        0.29, 0.25, 1.0, 0.8
      ]
    },
    "warfarin": {
      "id": 8,
      "name": "warfarin",
      "class": "anticoagulant",
      "features": [
        0.3, 0.0, 0.0, 0.3, 0.3, 0.0, 0.3, 0.3, 0.4, 0.0,
        0.0, 0.0, 0.0, 0.0, 0.0, 0.0, 0.0, 0.0, 0.0, 0.0,
        0.8, 0.99, 0.2, 0.95, 0.02, 0.98, 0.0, 0.0, 1.0, 0.5,
        0.0, 0.0, 1.0, 0.0, 0.0, 0.0, 0.0, 0.0, 0.0, 0.0,
        0.0, 0.0, 0.9, 0.0, 0.0, 0.1, 0.0, 0.0, 0.0, 0.0,
        0.3, 0.0, 0.0, 0.0, 0.0, 0.0, 0.0, 0.3, 0.0, 0.0,
        0.31, 0.38, 0.0, 0.3
      ]
    },
    "rivaroxaban": {
      "id": 9,
      "name": "rivaroxaban",
      "class": "anticoagulant",
      "features": [
        0.0, 0.0, 0.0, 0.0, 0.0, 0.0, 0.3, 0.2, 0.2, 0.0,
        0.0, 0.0, 0.0, 0.0, 0.0, 0.0, 0.0, 0.0, 0.0, 0.0,
        0.5, 0.95, 0.3, 0.8, 0.35, 0.65, 0.0, 0.0, 0.0, 1.0,
        0.0, 0.0, 1.0, 0.0, 0.0, 0.0, 0.0, 0.0, 0.0, 0.0,
        0.0, 0.0, 0.8, 0.0, 0.05, 0.05, 0.0, 0.0, 0.0, 0.0,
        0.8, 0.0, 0.0, 0.0, 0.0, 0.0, 0.0, 0.7, 0.0, 0.0,
        0.44, 0.5, 0.5, 0.3
      ]
    },
    "lisinopril": {
      "id": 10,
      "name": "lisinopril",
      "class": "ACE_inhibitor",
      "features": [
        0.0, 0.0, 0.0, 0.0, 0.0, 0.0, 0.0, 0.0, 0.0, 0.0,
        0.0, 0.0, 0.0, 0.0, 0.0, 0.0, 0.0, 0.0, 0.0, 0.0,
        0.5, 0.0, 0.2, 0.25, 1.0, 0.0, 0.0, 0.0, 0.0, 0.0,
        0.0, 0.0, 0.0, 1.0, 0.0, 0.0, 0.0, 0.0, 0.0, 0.0,
        0.0, 0.0, 0.0, 0.0, 0.15, 0.0, 0.3, 0.7, 0.0, 0.0,
        0.0, 0.0, 0.0, 0.0, 0.0, 0.0, 0.0, 0.0, 0.0, 0.0,
        0.41, 0.13, 0.0, 1.0
      ]
    },
    "amlodipine": {
      "id": 11,
      "name": "amlodipine",
      "class": "calcium_channel_blocker",
      "features": [
        0.0, 0.0, 0.0, 0.0, 0.0, 0.0, 0.3, 0.2, 0.2, 0.0,
        0.0, 0.0, 0.0, 0.0, 0.05, 0.0, 0.0, 0.0, 0.0, 0.0,
        0.8, 0.93, 0.5, 0.64, 0.1, 0.9, 0.0, 0.0, 0.0, 0.0,
        0.0, 0.0, 0.0, 1.0, 0.0, 0.0, 0.0, 0.0, 0.0, 0.0,
        0.0, 0.05, 0.0, 0.0, 0.05, 0.0, 0.5, 0.0, 0.0, 0.0,
        0.3, 0.0, 0.0, 0.0, 0.0, 0.0, 0.0, 0.0, 0.0, 0.0,
        0.41, 0.45, 1.0, 0.3
      ]
    },
    "metoprolol": {
      "id": 12,
      "name": "metoprolol",
      "class": "beta_blocker",
      "features": [
        0.0, 0.0, 0.0, 0.0, 0.0, 0.3, 0.0, 0.2, 0.2, 0.0,
        0.0, 0.0, 0.0, 0.0, 0.0, 0.7, 0.0, 0.0, 0.0, 0.0,
        0.5, 0.12, 0.5, 0.5, 0.05, 0.95, 1.0, 0.0, 0.0, 0.0,
        0.0, 0.0, 0.0, 1.0, 0.0, 0.0, 0.0, 0.0, 0.0, 0.0,
        0.0, 0.0, 0.0, 0.05, 0.0, 0.0, 0.3, 0.0, 0.0, 0.0,
        0.3, 0.0, 0.0, 0.0, 0.0, 0.0, 0.0, 0.0, 0.0, 0.0,
        0.27, 0.38, 1.0, 0.8
      ]
    },
    "losartan": {
      "id": 13,
      "name": "losartan",
      "class": "ARB",
      "features": [
        0.0, 0.0, 0.0, 0.3, 0.3, 0.0, 0.3, 0.3, 0.3, 0.0,
        0.0, 0.0, 0.0, 0.0, 0.0, 0.0, 0.0, 0.0, 0.0, 0.0,
        0.5, 0.99, 0.3, 0.33, 0.15, 0.85, 1.0, 1.0, 0.0, 0.5,
        0.0, 0.0, 0.0, 1.0, 0.0, 0.0, 0.0, 0.0, 0.0, 0.0,
        0.0, 0.0, 0.0, 0.0, 0.1, 0.05, 0.3, 0.6, 0.0, 0.0,
        0.3, 0.0, 0.0, 0.0, 0.0, 0.0, 0.0, 0.0, 0.0, 0.0,
        0.42, 0.75, 0.0, 0.3
      ]
    },
    "metformin": {
      "id": 14,
      "name": "metformin",
      "class": "antidiabetic",
      "features": [
        0.0, 0.0, 0.0, 0.0, 0.0, 0.0, 0.0, 0.0, 0.0, 0.0,
        0.0, 0.0, 0.0, 0.0, 0.0, 0.0, 0.0, 0.0, 0.0, 0.0,
        0.5, 0.0, 0.5, 0.55, 0.95, 0.05, 0.0, 0.0, 0.0, 0.5,
        0.0, 0.0, 0.0, 0.0, 1.0, 0.0, 0.0, 0.0, 0.0, 0.0,
        0.0, 0.0, 0.0, 0.0, 0.1, 0.0, 0.0, 0.0, 0.0, 0.0,
        0.0, 0.0, 0.0, 0.0, 0.8, 0.0, 0.0, 0.0, 0.0, 0.0,
        0.13, 0.13, 1.0, 1.0
      ]
    },
    "glipizide": {
      "id": 15,
      "name": "glipizide",
      "class": "antidiabetic",
      "features": [
        0.0, 0.0, 0.0, 0.3, 0.0, 0.0, 0.0, 0.2, 0.2, 0.0,
        0.0, 0.0, 0.0, 0.0, 0.0, 0.0, 0.0, 0.0, 0.0, 0.0,
        0.5, 0.99, 0.2, 0.95, 0.1, 0.9, 0.0, 0.0, 0.0, 0.5,
        0.0, 0.0, 0.0, 0.0, 1.0, 0.0, 0.0, 0.0, 0.0, 0.0,
        0.0, 0.0, 0.0, 0.0, 0.0, 0.05, 0.1, 0.0, 0.0, 0.0,
        0.0, 0.0, 0.0, 0.0, 0.0, 0.0, 0.0, 0.0, 0.0, 0.0,
        0.45, 0.5, 0.0, 0.3
      ]
    },
    "amiodarone": {
      "id": 16,
      "name": "amiodarone",
      "class": "antiarrhythmic",
      "features": [
        0.7, 0.7, 0.0, 0.7, 0.7, 0.7, 0.7, 0.9, 0.9, 0.0,
        0.0, 0.0, 0.0, 0.0, 0.15, 0.3, 0.0, 0.0, 0.0, 0.3,
        1.0, 0.96, 0.9, 0.5, 0.0, 1.0, 1.0, 0.0, 1.0, 0.5,
        0.0, 0.0, 0.0, 0.0, 0.0, 1.0, 0.0, 0.0, 0.0, 0.0,
        0.0, 0.9, 0.2, 0.0, 0.0, 0.7, 0.2, 0.0, 0.0, 0.0,
        0.7, 0.8, 0.3, 0.0, 0.0, 0.0, 0.0, 0.0, 0.0, 0.7,
        0.65, 0.88, 0.5, 0.1
      ]
    },
    "ciprofloxacin": {
      "id": 17,
      "name": "ciprofloxacin",
      "class": "antibiotic",
      "features": [
        0.7, 0.0, 0.0, 0.0, 0.0, 0.0, 0.3, 0.5, 0.4, 0.0,
        0.0, 0.0, 0.1, 0.0, 0.0, 0.0, 0.0, 0.0, 0.05, 0.0,
        0.5, 0.3, 0.4, 0.7, 0.5, 0.5, 0.0, 0.0, 0.0, 0.5,
        0.0, 0.0, 0.0, 0.0, 0.0, 0.0, 1.0, 0.0, 0.0, 0.0,
        0.0, 0.4, 0.0, 0.0, 0.1, 0.1, 0.0, 0.0, 0.3, 0.0,
        0.3, 0.2, 0.2, 0.0, 0.0, 0.0, 0.0, 0.6, 0.0, 0.15,
        0.33, 0.25, 0.0, 0.5
      ]
    },
    "clarithromycin": {
      "id": 18,
      "name": "clarithromycin",
      "class": "antibiotic",
      "features": [
        0.0, 0.0, 0.0, 0.0, 0.0, 0.0, 1.0, 0.7, 0.6, 0.0,
        0.0, 0.0, 0.0, 0.0, 0.0, 0.0, 0.0, 0.0, 0.0, 0.0,
        0.5, 0.7, 0.5, 0.5, 0.3, 0.7, 1.0, 0.0, 0.0, 0.3,
        0.0, 0.0, 0.0, 0.0, 0.0, 0.0, 1.0, 0.0, 0.0, 0.0,
        0.0, 0.5, 0.0, 0.0, 0.1, 0.2, 0.0, 0.0, 0.1, 0.0,
        0.7, 0.8, 0.5, 0.3, 0.0, 0.0, 0.0, 0.0, 0.0, 0.6,
        0.75, 0.38, 1.0, 0.3
      ]
    },
    "metronidazole": {
      "id": 19,
      "name": "metronidazole",
      "class": "antibiotic",
      "features": [
        0.0, 0.0, 0.0, 0.7, 0.0, 0.0, 0.3, 0.4, 0.4, 0.0,
        0.0, 0.0, 0.0, 0.0, 0.0, 0.0, 0.0, 0.0, 0.0, 0.0,
        0.5, 0.15, 0.4, 0.95, 0.2, 0.8, 1.0, 0.0, 0.0, 0.0,
        0.0, 0.0, 0.0, 0.0, 0.0, 0.0, 1.0, 0.0, 0.0, 0.0,
        0.0, 0.0, 0.3, 0.1, 0.0, 0.1, 0.0, 0.0, 0.2, 0.0,
        0.0, 0.0, 0.0, 0.0, 0.0, 0.0, 0.0, 0.0, 0.0, 0.0,
        0.17, 0.25, 0.5, 1.0
      ]
    },
    "fluconazole": {
      "id": 20,
      "name": "fluconazole",
      "class": "antifungal",
      "features": [
        0.0, 0.0, 0.0, 0.7, 0.7, 0.3, 0.7, 0.7, 0.6, 0.0,
        0.0, 0.0, 0.0, 0.0, 0.0, 0.0, 0.0, 0.0, 0.0, 0.0,
        0.8, 0.11, 0.3, 0.9, 0.7, 0.3, 0.0, 0.0, 0.0, 0.0,
        0.0, 0.0, 0.0, 0.0, 0.0, 0.0, 0.0, 1.0, 0.0, 0.0,
        0.0, 0.2, 0.15, 0.0, 0.05, 0.2, 0.0, 0.0, 0.0, 0.0,
        0.3, 0.3, 0.0, 0.0, 0.0, 0.0, 0.0, 0.0, 0.0, 0.2,
        0.31, 0.25, 0.5, 1.0
      ]
    },
    "ketoconazole": {
      "id": 21,
      "name": "ketoconazole",
      "class": "antifungal",
      "features": [
        0.0, 0.0, 0.0, 0.7, 0.0, 0.0, 1.0, 0.8, 0.8, 0.0,
        0.0, 0.0, 0.0, 0.0, 0.0, 0.0, 0.0, 0.0, 0.0, 0.0,
        0.5, 0.99, 0.4, 0.4, 0.05, 0.95, 0.0, 0.0, 0.0, 1.0,
        0.0, 0.0, 0.0, 0.0, 0.0, 0.0, 0.0, 1.0, 0.0, 0.0,
        0.0, 0.3, 0.0, 0.0, 0.1, 0.6, 0.0, 0.0, 0.0, 0.0,
        0.7, 0.8, 0.3, 0.3, 0.0, 0.0, 0.0, 0.0, 0.0, 0.7,
        0.53, 0.5, 0.5, 0.1
      ]
    },
    "omeprazole": {
      "id": 22,
      "name": "omeprazole",
      "class": "PPI",
      "features": [
        0.3, 0.0, 0.0, 0.3, 0.7, 0.0, 0.3, 0.4, 0.4, 0.0,
        0.0, 0.0, 0.0, 0.0, 0.0, 0.0, 0.0, 0.0, 0.0, 0.0,
        0.2, 0.95, 0.2, 0.4, 0.2, 0.8, 0.0, 1.0, 0.0, 0.5,
        0.0, 0.0, 0.0, 0.0, 0.0, 0.0, 0.0, 0.0, 1.0, 0.0,
        0.0, 0.0, 0.0, 0.0, 0.05, 0.05, 0.0, 0.0, 0.0, 0.0,
        0.3, 0.1, 0.0, 0.0, 0.0, 0.0, 0.0, 0.3, 0.0, 0.1,
        0.35, 0.5, 0.5, 0.3
      ]
    },
    "simvastatin": {
      "id": 23,
      "name": "simvastatin",
      "class": "statin",
      "features": [
        0.0, 0.0, 0.0, 0.0, 0.0, 0.0, 0.3, 0.2, 0.2, 0.0,
        0.0, 0.0, 0.0, 0.0, 0.0, 0.0, 0.0, 0.0, 0.0, 0.0,
        0.5, 0.95, 0.3, 0.05, 0.1, 0.9, 1.0, 1.0, 0.0, 1.0,
        0.0, 0.0, 0.0, 0.0, 0.0, 0.0, 0.0, 0.0, 0.0, 1.0,
        0.0, 0.0, 0.0, 0.0, 0.0, 0.3, 0.0, 0.0, 0.0, 0.0,
        0.3, 0.0, 0.8, 0.3, 0.0, 0.0, 0.0, 0.3, 0.0, 0.0,
        0.42, 0.63, 0.5, 0.1
      ]
    },
    "atorvastatin": {
      "id": 24,
      "name": "atorvastatin",
      "class": "statin",
      "features": [
        0.0, 0.0, 0.0, 0.0, 0.0, 0.0, 0.3, 0.2, 0.2, 0.0,
        0.0, 0.0, 0.0, 0.0, 0.0, 0.0, 0.0, 0.0, 0.0, 0.0,
        0.8, 0.98, 0.4, 0.14, 0.02, 0.98, 1.0, 0.0, 0.0, 0.5,
        0.0, 0.0, 0.0, 0.0, 0.0, 0.0, 0.0, 0.0, 0.0, 1.0,
        0.0, 0.0, 0.0, 0.0, 0.0, 0.2, 0.0, 0.0, 0.0, 0.0,
        0.5, 0.0, 0.8, 0.3, 0.0, 0.0, 0.0, 0.6, 0.0, 0.0,
        0.56, 0.75, 0.0, 0.1
      ]
    },
    "ibuprofen": {
      "id": 25,
      "name": "ibuprofen",
      "class": "NSAID",
      "features": [
        0.0, 0.0, 0.0, 0.3, 0.0, 0.0, 0.0, 0.2, 0.15, 0.0,
        0.0, 0.0, 0.0, 0.0, 0.0, 0.0, 0.0, 0.0, 0.0, 0.0,
        0.5, 0.99, 0.2, 0.95, 0.15, 0.85, 0.0, 0.0, 0.0, 0.5,
        0.0, 0.0, 0.0, 0.0, 0.0, 0.0, 0.0, 0.0, 0.0, 0.0,
        0.0, 0.0, 0.5, 0.0, 0.3, 0.05, 0.0, 0.1, 0.0, 0.0,
        0.0, 0.0, 0.0, 0.0, 0.0, 0.0, 0.0, 0.0, 0.0, 0.0,
        0.21, 0.5, 0.0, 0.3
      ]
    },
    "naproxen": {
      "id": 26,
      "name": "naproxen",
      "class": "NSAID",
      "features": [
        0.3, 0.0, 0.0, 0.3, 0.0, 0.0, 0.0, 0.2, 0.15, 0.0,
        0.0, 0.0, 0.0, 0.0, 0.0, 0.0, 0.0, 0.0, 0.0, 0.0,
        0.8, 0.99, 0.2, 0.95, 0.1, 0.9, 0.0, 0.0, 0.0, 0.5,
        0.0, 0.0, 0.0, 0.0, 0.0, 0.0, 0.0, 0.0, 0.0, 0.0,
        0.0, 0.0, 0.5, 0.0, 0.3, 0.05, 0.0, 0.1, 0.0, 0.0,
        0.0, 0.0, 0.0, 0.0, 0.0, 0.0, 0.0, 0.0, 0.0, 0.0,
        0.23, 0.45, 0.0, 0.3
      ]
    },
    "aspirin": {
      "id": 27,
      "name": "aspirin",
      "class": "NSAID",
      "features": [
        0.0, 0.0, 0.0, 0.0, 0.0, 0.0, 0.0, 0.05, 0.05, 0.0,
        0.0, 0.0, 0.0, 0.0, 0.0, 0.0, 0.0, 0.0, 0.0, 0.0,
        0.2, 0.5, 0.2, 0.7, 0.15, 0.85, 1.0, 0.0, 0.0, 0.0,
        0.0, 0.0, 0.3, 0.0, 0.0, 0.0, 0.0, 0.0, 0.0, 0.0,
        0.0, 0.0, 0.7, 0.0, 0.1, 0.05, 0.0, 0.0, 0.0, 0.0,
        0.0, 0.0, 0.0, 0.0, 0.0, 0.0, 0.0, 0.0, 0.0, 0.0,
        0.18, 0.38, 0.0, 0.5
      ]
    },
    "diazepam": {
      "id": 28,
      "name": "diazepam",
      "class": "benzodiazepine",
      "features": [
        0.0, 0.0, 0.0, 0.3, 0.3, 0.0, 0.3, 0.3, 0.3, 0.0,
        0.0, 0.0, 0.9, 0.0, 0.05, 0.0, 0.1, 0.05, 0.0, 0.0,
        0.8, 0.98, 0.6, 0.95, 0.05, 0.95, 1.0, 0.0, 0.0, 0.3,
        0.0, 0.0, 0.0, 0.0, 0.0, 0.0, 0.0, 0.0, 0.0, 0.0,
        0.0, 0.0, 0.0, 0.7, 0.0, 0.05, 0.1, 0.0, 0.0, 0.0,
        0.3, 0.0, 0.0, 0.0, 0.0, 0.0, 0.0, 0.0, 0.0, 0.0,
        0.28, 0.5, 0.5, 0.3
      ]
    },
    "alprazolam": {
      "id": 29,
      "name": "alprazolam",
      "class": "benzodiazepine",
      "features": [
        0.0, 0.0, 0.0, 0.0, 0.0, 0.0, 0.3, 0.2, 0.2, 0.0,
        0.0, 0.0, 0.9, 0.0, 0.05, 0.0, 0.05, 0.05, 0.0, 0.0,
        0.5, 0.8, 0.4, 0.88, 0.2, 0.8, 1.0, 0.0, 0.0, 0.3,
        0.0, 0.0, 0.0, 0.0, 0.0, 0.0, 0.0, 0.0, 0.0, 0.0,
        0.0, 0.0, 0.0, 0.7, 0.0, 0.05, 0.1, 0.0, 0.0, 0.0,
        0.3, 0.0, 0.0, 0.0, 0.0, 0.0, 0.0, 0.0, 0.0, 0.0,
        0.31, 0.5, 0.5, 0.3
      ]
    },
    "carbamazepine": {
      "id": 30,
      "name": "carbamazepine",
      "class": "anticonvulsant",
      "features": [
        0.9, 0.9, 0.0, 0.9, 0.9, 0.0, 0.9, 0.8, 0.9, 0.0,
        0.0, 0.0, 0.1, 0.0, 0.05, 0.0, 0.1, 0.1, 0.0, 0.8,
        0.8, 0.75, 0.5, 0.8, 0.05, 0.95, 1.0, 0.0, 1.0, 0.5,
        0.0, 0.0, 0.0, 0.0, 0.0, 0.0, 0.0, 0.0, 0.0, 0.0,
        0.0, 0.1, 0.0, 0.3, 0.0, 0.3, 0.1, 0.0, 0.0, 0.0,
        0.6, 0.3, 0.0, 0.0, 0.0, 0.0, 0.0, 0.0, 0.3, 0.0,
        0.24, 0.5, 0.5, 0.3
      ]
    },
    "phenytoin": {
      "id": 31,
      "name": "phenytoin",
      "class": "anticonvulsant",
      "features": [
        0.9, 0.0, 0.0, 0.9, 0.9, 0.0, 0.9, 0.7, 0.8, 0.0,
        0.0, 0.0, 0.1, 0.0, 0.0, 0.0, 0.0, 0.0, 0.0, 0.9,
        0.5, 0.9, 0.4, 0.95, 0.05, 0.95, 0.0, 0.0, 1.0, 0.5,
        0.0, 0.0, 0.0, 0.0, 0.0, 0.0, 0.0, 0.0, 0.0, 0.0,
        0.0, 0.1, 0.0, 0.2, 0.0, 0.3, 0.1, 0.0, 0.0, 0.0,
        0.4, 0.2, 0.0, 0.0, 0.0, 0.0, 0.0, 0.0, 0.0, 0.1,
        0.25, 0.5, 0.5, 0.1
      ]
    },
    "valproic_acid": {
      "id": 32,
      "name": "valproic_acid",
      "class": "anticonvulsant",
      "features": [
        0.0, 0.0, 0.0, 0.7, 0.7, 0.3, 0.7, 0.5, 0.5, 0.0,
        0.0, 0.0, 0.3, 0.0, 0.0, 0.0, 0.1, 0.0, 0.0, 0.1,
        0.5, 0.9, 0.2, 0.95, 0.05, 0.95, 1.0, 0.0, 1.0, 0.5,
        0.0, 0.0, 0.0, 0.0, 0.0, 0.0, 0.0, 0.0, 0.0, 0.0,
        0.0, 0.0, 0.1, 0.2, 0.0, 0.5, 0.0, 0.0, 0.0, 0.0,
        0.3, 0.2, 0.0, 0.0, 0.0, 0.0, 0.0, 0.0, 0.3, 0.1,
        0.14, 0.5, 0.0, 0.5
      ]
    },
    "quetiapine": {
      "id": 33,
      "name": "quetiapine",
      "class": "antipsychotic",
      "features": [
        0.0, 0.0, 0.0, 0.0, 0.0, 0.0, 0.3, 0.2, 0.2, 0.0,
        0.4, 0.5, 0.1, 0.0, 0.5, 0.0, 0.7, 0.2, 0.0, 0.0,
        0.5, 0.83, 0.7, 0.75, 0.05, 0.95, 1.0, 0.0, 0.0, 0.5,
        0.0, 0.0, 0.0, 0.0, 0.0, 0.0, 0.0, 0.0, 0.0, 0.0,
        0.2, 0.4, 0.0, 0.5, 0.0, 0.1, 0.4, 0.0, 0.1, 0.0,
        0.5, 0.0, 0.0, 0.0, 0.0, 0.0, 0.0, 0.0, 0.0, 0.0,
        0.38, 0.5, 1.0, 0.3
      ]
    },
    "haloperidol": {
      "id": 34,
      "name": "haloperidol",
      "class": "antipsychotic",
      "features": [
        0.3, 0.0, 0.0, 0.0, 0.0, 0.3, 0.3, 0.3, 0.3, 0.0,
        0.2, 0.9, 0.0, 0.1, 0.5, 0.0, 0.2, 0.3, 0.0, 0.1,
        0.8, 0.92, 0.8, 0.6, 0.05, 0.95, 0.0, 0.0, 0.0, 0.0,
        0.0, 0.0, 0.0, 0.0, 0.0, 0.0, 0.0, 0.0, 0.0, 0.0,
        0.05, 0.6, 0.0, 0.3, 0.0, 0.1, 0.3, 0.0, 0.2, 0.0,
        0.7, 0.2, 0.0, 0.0, 0.0, 0.0, 0.0, 0.0, 0.0, 0.1,
        0.38, 0.5, 1.0, 0.1
      ]
    },
    "lithium": {
      "id": 35,
      "name": "lithium",
      "class": "mood_stabilizer",
      "features": [
        0.0, 0.0, 0.0, 0.0, 0.0, 0.0, 0.0, 0.0, 0.0, 0.0,
        0.2, 0.1, 0.0, 0.0, 0.0, 0.0, 0.0, 0.0, 0.0, 0.0,
        0.8, 0.0, 0.3, 0.95, 0.95, 0.05, 0.0, 0.0, 1.0, 0.0,
        0.0, 0.0, 0.0, 0.0, 0.0, 0.0, 0.0, 0.0, 0.0, 0.0,
        0.3, 0.0, 0.0, 0.1, 0.6, 0.0, 0.0, 0.0, 0.2, 0.0,
        0.0, 0.0, 0.0, 0.0, 0.0, 0.0, 0.0, 0.0, 0.0, 0.0,
        0.01, 0.0, 1.0, 1.0
      ]
    },
    "gabapentin": {
      "id": 36,
      "name": "gabapentin",
      "class": "anticonvulsant",
      "features": [
        0.0, 0.0, 0.0, 0.0, 0.0, 0.0, 0.0, 0.0, 0.0, 0.0,
        0.0, 0.0, 0.2, 0.0, 0.0, 0.0, 0.0, 0.0, 0.0, 0.0,
        0.5, 0.0, 0.4, 0.6, 0.95, 0.05, 0.0, 0.0, 0.0, 0.0,
        0.0, 0.0, 0.0, 0.0, 0.0, 0.0, 0.0, 0.0, 0.0, 0.0,
        0.0, 0.0, 0.0, 0.3, 0.0, 0.0, 0.05, 0.0, 0.0, 0.0,
        0.0, 0.0, 0.0, 0.0, 0.0, 0.0, 0.0, 0.0, 0.0, 0.0,
        0.17, 0.13, 1.0, 1.0
      ]
    },
    "digoxin": {
      "id": 37,
      "name": "digoxin",
      "class": "cardiac_glycoside",
      "features": [
        0.0, 0.0, 0.0, 0.0, 0.0, 0.0, 0.0, 0.0, 0.0, 0.0,
        0.0, 0.0, 0.0, 0.0, 0.0, 0.0, 0.0, 0.0, 0.0, 0.0,
        0.8, 0.25, 0.8, 0.7, 0.6, 0.4, 0.0, 0.0, 1.0, 0.3,
        0.0, 0.0, 0.0, 0.3, 0.0, 0.3, 0.0, 0.0, 0.0, 0.0,
        0.0, 0.3, 0.0, 0.0, 0.1, 0.0, 0.0, 0.3, 0.0, 0.0,
        0.9, 0.0, 0.0, 0.0, 0.0, 0.0, 0.0, 0.0, 0.0, 0.0,
        0.78, 0.38, 0.5, 0.5
      ]
    },
    "theophylline": {
      "id": 38,
      "name": "theophylline",
      "class": "xanthine",
      "features": [
        0.3, 0.0, 0.0, 0.0, 0.0, 0.0, 0.3, 0.2, 0.2, 0.0,
        0.0, 0.0, 0.0, 0.0, 0.0, 0.0, 0.0, 0.0, 0.0, 0.0,
        0.5, 0.4, 0.3, 0.95, 0.1, 0.9, 0.0, 0.0, 1.0, 0.5,
        0.0, 0.0, 0.0, 0.0, 0.0, 0.0, 0.0, 0.0, 0.0, 0.0,
        0.0, 0.2, 0.0, 0.0, 0.0, 0.05, 0.0, 0.0, 0.4, 0.0,
        0.0, 0.0, 0.0, 0.0, 0.0, 0.0, 0.0, 0.0, 0.0, 0.0,
        0.18, 0.13, 0.5, 0.8
      ]
    },
    "cyclosporine": {
      "id": 39,
      "name": "cyclosporine",
      "class": "immunosuppressant",
      "features": [
        0.0, 0.0, 0.0, 0.0, 0.0, 0.0, 0.3, 0.2, 0.2, 0.0,
        0.0, 0.0, 0.0, 0.0, 0.0, 0.0, 0.0, 0.0, 0.0, 0.0,
        0.5, 0.98, 0.8, 0.3, 0.05, 0.95, 1.0, 0.0, 1.0, 0.5,
        0.0, 0.0, 0.0, 0.0, 0.0, 0.0, 0.0, 0.0, 0.0, 0.0,
        0.0, 0.1, 0.0, 0.0, 0.7, 0.3, 0.1, 0.4, 0.0, 0.9,
        0.8, 0.5, 0.3, 0.3, 0.0, 0.0, 0.0, 0.3, 0.0, 0.4,
        1.0, 0.5, 0.5, 0.1
      ]
    },
    "methotrexate": {
      "id": 40,
      "name": "methotrexate",
      "class": "antimetabolite",
      "features": [
        0.0, 0.0, 0.0, 0.0, 0.0, 0.0, 0.0, 0.0, 0.0, 0.0,
        0.0, 0.0, 0.0, 0.0, 0.0, 0.0, 0.0, 0.0, 0.0, 0.0,
        0.5, 0.5, 0.3, 0.7, 0.8, 0.2, 0.0, 0.0, 1.0, 0.5,
        0.0, 0.0, 0.0, 0.0, 0.0, 0.0, 0.0, 0.0, 0.0, 0.0,
        0.0, 0.0, 0.0, 0.0, 0.5, 0.6, 0.0, 0.0, 0.0, 0.7,
        0.3, 0.0, 0.3, 0.0, 0.0, 0.7, 0.7, 0.5, 0.3, 0.0,
        0.45, 0.13, 0.0, 0.5
      ]
    },
    "prednisone": {
      "id": 41,
      "name": "prednisone",
      "class": "corticosteroid",
      "features": [
        0.0, 0.0, 0.0, 0.0, 0.0, 0.0, 0.3, 0.2, 0.15, 0.0,
        0.0, 0.0, 0.0, 0.0, 0.0, 0.0, 0.0, 0.0, 0.0, 0.0,
        0.5, 0.7, 0.4, 0.8, 0.2, 0.8, 1.0, 1.0, 0.0, 0.0,
        0.0, 0.0, 0.0, 0.0, 0.0, 0.0, 0.0, 0.0, 0.0, 0.0,
        0.0, 0.0, 0.2, 0.0, 0.0, 0.1, 0.0, 0.0, 0.0, 0.3,
        0.5, 0.0, 0.0, 0.0, 0.0, 0.0, 0.0, 0.0, 0.0, 0.0,
        0.36, 0.38, 0.5, 0.8
      ]
    },
    "levothyroxine": {
      "id": 42,
      "name": "levothyroxine",
      "class": "thyroid_hormone",
      "features": [
        0.0, 0.0, 0.0, 0.0, 0.0, 0.0, 0.0, 0.0, 0.0, 0.0,
        0.0, 0.0, 0.0, 0.0, 0.0, 0.1, 0.0, 0.0, 0.0, 0.0,
        1.0, 0.99, 0.2, 0.5, 0.2, 0.8, 0.0, 0.0, 1.0, 1.0,
        0.0, 0.0, 0.0, 0.0, 0.0, 0.0, 0.0, 0.0, 0.0, 0.0,
        0.0, 0.1, 0.0, 0.0, 0.0, 0.0, 0.0, 0.0, 0.0, 0.0,
        0.3, 0.0, 0.3, 0.0, 0.0, 0.0, 0.0, 0.0, 0.0, 0.0,
        0.78, 0.5, 0.0, 0.1
      ]
    },
    "clopidogrel": {
      "id": 43,
      "name": "clopidogrel",
      "class": "antiplatelet",
      "features": [
        0.0, 0.3, 0.0, 0.3, 0.3, 0.0, 0.3, 0.3, 0.3, 0.0,
        0.0, 0.0, 0.0, 0.0, 0.0, 0.0, 0.0, 0.0, 0.0, 0.0,
        0.5, 0.98, 0.3, 0.5, 0.05, 0.95, 1.0, 1.0, 0.0, 0.0,
        0.0, 0.0, 0.7, 0.0, 0.0, 0.0, 0.0, 0.0, 0.0, 0.0,
        0.0, 0.0, 0.7, 0.0, 0.0, 0.0, 0.0, 0.0, 0.0, 0.0,
        0.5, 0.2, 0.0, 0.0, 0.0, 0.0, 0.0, 0.0, 0.0, 0.1,
        0.32, 0.5, 0.5, 0.3
      ]
    },
    "diltiazem": {
      "id": 44,
      "name": "diltiazem",
      "class": "calcium_channel_blocker",
      "features": [
        0.0, 0.0, 0.0, 0.0, 0.0, 0.0, 0.7, 0.5, 0.5, 0.0,
        0.0, 0.0, 0.0, 0.0, 0.05, 0.1, 0.0, 0.0, 0.0, 0.0,
        0.5, 0.78, 0.5, 0.4, 0.05, 0.95, 1.0, 0.0, 0.0, 0.0,
        0.0, 0.0, 0.0, 1.0, 0.0, 0.3, 0.0, 0.0, 0.0, 0.0,
        0.0, 0.2, 0.0, 0.0, 0.0, 0.05, 0.4, 0.0, 0.0, 0.0,
        0.7, 0.6, 0.0, 0.0, 0.0, 0.0, 0.0, 0.0, 0.0, 0.5,
        0.41, 0.5, 1.0, 0.3
      ]
    },
    "verapamil": {
      "id": 45,
      "name": "verapamil",
      "class": "calcium_channel_blocker",
      "features": [
        0.3, 0.0, 0.0, 0.0, 0.0, 0.0, 0.7, 0.5, 0.5, 0.0,
        0.0, 0.0, 0.0, 0.0, 0.05, 0.1, 0.0, 0.0, 0.0, 0.0,
        0.5, 0.9, 0.5, 0.2, 0.05, 0.95, 1.0, 0.0, 0.0, 0.3,
        0.0, 0.0, 0.0, 1.0, 0.0, 0.3, 0.0, 0.0, 0.0, 0.0,
        0.0, 0.3, 0.0, 0.0, 0.0, 0.05, 0.4, 0.0, 0.0, 0.0,
        0.7, 0.7, 0.0, 0.0, 0.0, 0.0, 0.0, 0.0, 0.0, 0.6,
        0.45, 0.5, 1.0, 0.3
      ]
    },
    "spironolactone": {
      "id": 46,
      "name": "spironolactone",
      "class": "diuretic",
      "features": [
        0.0, 0.0, 0.0, 0.0, 0.0, 0.0, 0.3, 0.2, 0.15, 0.0,
        0.0, 0.0, 0.0, 0.0, 0.0, 0.0, 0.0, 0.0, 0.0, 0.0,
        0.5, 0.9, 0.3, 0.7, 0.1, 0.9, 1.0, 0.0, 0.0, 1.0,
        0.0, 0.0, 0.0, 0.3, 0.0, 0.0, 0.0, 0.0, 0.0, 0.0,
        0.0, 0.0, 0.0, 0.0, 0.1, 0.05, 0.2, 0.8, 0.0, 0.0,
        0.0, 0.0, 0.0, 0.0, 0.0, 0.0, 0.0, 0.0, 0.0, 0.0,
        0.42, 0.38, 0.5, 0.3
      ]
    },
    "furosemide": {
      "id": 47,
      "name": "furosemide",
      "class": "diuretic",
      "features": [
        0.0, 0.0, 0.0, 0.0, 0.0, 0.0, 0.0, 0.0, 0.0, 0.0,
        0.0, 0.0, 0.0, 0.0, 0.0, 0.0, 0.0, 0.0, 0.0, 0.0,
        0.5, 0.98, 0.2, 0.6, 0.7, 0.3, 0.0, 0.0, 0.0, 0.0,
        0.0, 0.0, 0.0, 0.3, 0.0, 0.0, 0.0, 0.0, 0.0, 0.0,
        0.0, 0.1, 0.0, 0.0, 0.3, 0.0, 0.3, 0.0, 0.0, 0.0,
        0.0, 0.0, 0.0, 0.0, 0.0, 0.3, 0.3, 0.0, 0.0, 0.0,
        0.33, 0.25, 0.0, 0.5
      ]
    },
    "hydrochlorothiazide": {
      "id": 48,
      "name": "hydrochlorothiazide",
      "class": "diuretic",
      "features": [
        0.0, 0.0, 0.0, 0.0, 0.0, 0.0, 0.0, 0.0, 0.0, 0.0,
        0.0, 0.0, 0.0, 0.0, 0.0, 0.0, 0.0, 0.0, 0.0, 0.0,
        0.5, 0.68, 0.3, 0.7, 0.95, 0.05, 0.0, 0.0, 0.0, 0.0,
        0.0, 0.0, 0.0, 0.3, 0.0, 0.0, 0.0, 0.0, 0.0, 0.0,
        0.0, 0.05, 0.0, 0.0, 0.1, 0.0, 0.2, 0.0, 0.0, 0.0,
        0.0, 0.0, 0.0, 0.0, 0.0, 0.0, 0.0, 0.0, 0.0, 0.0,
        0.3, 0.13, 0.0, 0.3
      ]
    },
    "doxycycline": {
      "id": 49,
      "name": "doxycycline",
      "class": "antibiotic",
      "features": [
        0.0, 0.0, 0.0, 0.0, 0.0, 0.0, 0.0, 0.0, 0.0, 0.0,
        0.0, 0.0, 0.0, 0.0, 0.0, 0.0, 0.0, 0.0, 0.0, 0.0,
        0.8, 0.93, 0.3, 0.93, 0.3, 0.7, 0.0, 0.0, 0.0, 0.5,
        0.0, 0.0, 0.0, 0.0, 0.0, 0.0, 1.0, 0.0, 0.0, 0.0,
        0.0, 0.0, 0.0, 0.0, 0.05, 0.1, 0.0, 0.0, 0.0, 0.0,
        0.0, 0.0, 0.0, 0.0, 0.0, 0.0, 0.0, 0.0, 0.0, 0.0,
        0.44, 0.25, 0.0, 0.5
      ]
    }
  }
}
